station_id,station_ref_id,station_name,station_commune_name,date_obs_raw,latitude,longitude,distance_to_lgv_km,precipitation_mm,rain_24h_mm,rain_7d_mm,rain_30d_mm,rain_month_mm,rain_12h_mm,rain_instant_mm,rain_forecast_mm,rain_class,source,selection_mode,meteo_model,date
openmeteo_ref_16019,16019,Asnières-sur-Nouère,Asnières-sur-Nouère,2026-02-19T15:00,45.7084128973628,0.048487747615212705,0.0,0.1,23.5,75.8,267.0,181.8,9.1,0.7,0.1,ELEVE,open_meteo_reference,open_meteo_grid_lgv_seed,meteofrance_seamless,2026-02-19 15:00:00+00:00
openmeteo_ref_16036,16036,Bécheresse,Bécheresse,2026-02-19T15:00,45.50151651662248,0.0780958446942813,0.0,0.4,19.2,75.2,277.9,200.1,10.4,1.8,0.4,ELEVE,open_meteo_reference,open_meteo_grid_lgv_seed,meteofrance_seamless,2026-02-19 15:00:00+00:00
openmeteo_ref_16041,16041,Bessac,Bessac,2026-02-19T15:00,45.4313369996263,-0.013888502776559446,0.0,1.4,20.3,63.5,271.2,179.6,8.6,2.2,1.4,ELEVE,open_meteo_reference,open_meteo_grid_lgv_seed,meteofrance_seamless,2026-02-19 15:00:00+00:00
openmeteo_ref_16046,16046,Coteaux-du-Blanzacais,Coteaux-du-Blanzacais,2026-02-19T15:00,45.45677512974961,0.026081379021043294,0.0,1.4,20.8,74.1,281.2,191.4,9.9,2.5,1.4,ELEVE,open_meteo_reference,open_meteo_grid_lgv_seed,meteofrance_seamless,2026-02-19 15:00:00+00:00
openmeteo_ref_16066,16066,Brossac,Brossac,2026-02-19T15:00,45.32367464376329,-0.0468373895501835,0.0,2.1,18.4,57.2,276.4,182.0,6.4,0.5,2.1,ELEVE,open_meteo_reference,open_meteo_grid_lgv_seed,meteofrance_seamless,2026-02-19 15:00:00+00:00
openmeteo_ref_16069,16069,Cellettes,Cellettes,2026-02-19T15:00,45.86402936366079,0.14540481609121303,0.0,0.0,30.7,76.3,247.4,167.4,8.1,0.2,0.0,ELEVE,open_meteo_reference,open_meteo_grid_lgv_seed,meteofrance_seamless,2026-02-19 15:00:00+00:00
openmeteo_ref_16075,16075,Champagne-Vigny,Champagne-Vigny,2026-02-19T15:00,45.50757763837684,0.041190232168232095,0.0,0.4,19.2,75.2,277.9,200.1,10.4,1.8,0.4,ELEVE,open_meteo_reference,open_meteo_grid_lgv_seed,meteofrance_seamless,2026-02-19 15:00:00+00:00
openmeteo_ref_16083,16083,Charmé,Charmé,2026-02-19T15:00,45.95025537148723,0.11988511857237245,0.0,0.2,29.7,77.4,251.3,167.0,12.2,0.5,0.2,ELEVE,open_meteo_reference,open_meteo_grid_lgv_seed,meteofrance_seamless,2026-02-19 15:00:00+00:00
openmeteo_ref_16091,16091,Châtignac,Châtignac,2026-02-19T15:00,45.34828107448558,-0.0039014610258493207,0.0,1.9,18.6,56.6,282.4,183.4,6.7,0.5,1.9,ELEVE,open_meteo_reference,open_meteo_grid_lgv_seed,meteofrance_seamless,2026-02-19 15:00:00+00:00
openmeteo_ref_16098,16098,La Chèvrerie,La Chèvrerie,2026-02-19T15:00,46.044044416295186,0.13588929204564765,0.0,0.1,28.1,78.6,256.1,183.7,12.0,0.1,0.1,ELEVE,open_meteo_reference,open_meteo_grid_lgv_seed,meteofrance_seamless,2026-02-19 15:00:00+00:00
openmeteo_ref_16101,16101,Claix,Claix,2026-02-19T15:00,45.55015020345383,0.050797104650716025,0.0,0.0,23.2,75.6,267.9,192.1,12.7,1.6,0.0,ELEVE,open_meteo_reference,open_meteo_grid_lgv_seed,meteofrance_seamless,2026-02-19 15:00:00+00:00
openmeteo_ref_16108,16108,Coulonges,Coulonges,2026-02-19T15:00,45.838058610180454,0.09015548424688154,0.0,0.2,22.8,67.3,245.0,167.3,6.7,0.2,0.2,ELEVE,open_meteo_reference,open_meteo_grid_lgv_seed,meteofrance_seamless,2026-02-19 15:00:00+00:00
openmeteo_ref_16110,16110,Courcôme,Courcôme,2026-02-19T15:00,45.985747221820816,0.14902966023721084,0.0,0.4,29.2,78.0,249.6,176.3,13.9,0.8,0.4,ELEVE,open_meteo_reference,open_meteo_grid_lgv_seed,meteofrance_seamless,2026-02-19 15:00:00+00:00
openmeteo_ref_16113,16113,La Couronne,La Couronne,2026-02-19T15:00,45.60970061737102,0.10930664503300962,0.0,0.0,23.7,65.7,233.2,162.7,14.3,0.1,0.0,ELEVE,open_meteo_reference,open_meteo_grid_lgv_seed,meteofrance_seamless,2026-02-19 15:00:00+00:00
openmeteo_ref_16118,16118,Deviat,Deviat,2026-02-19T15:00,45.4081931362028,0.01510888160913121,0.0,1.4,20.3,63.5,271.2,179.6,8.6,2.2,1.4,ELEVE,open_meteo_reference,open_meteo_grid_lgv_seed,meteofrance_seamless,2026-02-19 15:00:00+00:00
openmeteo_ref_16136,16136,La Faye,La Faye,2026-02-19T15:00,46.01942910824841,0.1593203987548828,0.0,0.3,29.7,79.1,255.1,183.1,14.4,0.7,0.3,ELEVE,open_meteo_reference,open_meteo_grid_lgv_seed,meteofrance_seamless,2026-02-19 15:00:00+00:00
openmeteo_ref_16138,16138,Fléac,Fléac,2026-02-19T15:00,45.67601829571667,0.0884123607454265,0.0,0.1,24.7,76.5,261.7,177.8,10.9,0.5,0.1,ELEVE,open_meteo_reference,open_meteo_grid_lgv_seed,meteofrance_seamless,2026-02-19 15:00:00+00:00
openmeteo_ref_16148,16148,Genac-Bignac,Genac-Bignac,2026-02-19T15:00,45.79763385048254,0.028587454851986067,0.0,0.3,24.3,74.3,261.7,178.5,9.5,0.3,0.3,ELEVE,open_meteo_reference,open_meteo_grid_lgv_seed,meteofrance_seamless,2026-02-19 15:00:00+00:00
openmeteo_ref_16173,16173,Juillé,Juillé,2026-02-19T15:00,45.926698311336274,0.142454931392201,0.0,0.2,30.5,78.7,253.1,168.6,12.5,0.5,0.2,ELEVE,open_meteo_reference,open_meteo_grid_lgv_seed,meteofrance_seamless,2026-02-19 15:00:00+00:00
openmeteo_ref_16187,16187,Linars,Linars,2026-02-19T15:00,45.65384400248697,0.07405309330604389,0.0,0.0,25.3,74.0,259.6,176.0,12.1,0.4,0.0,ELEVE,open_meteo_reference,open_meteo_grid_lgv_seed,meteofrance_seamless,2026-02-19 15:00:00+00:00
openmeteo_ref_16189,16189,Londigny,Londigny,2026-02-19T15:00,46.084492284184535,0.14100114604053607,0.0,0.0,32.4,89.3,264.4,190.9,13.5,0.0,0.0,ELEVE,open_meteo_reference,open_meteo_grid_lgv_seed,meteofrance_seamless,2026-02-19 15:00:00+00:00
openmeteo_ref_16196,16196,Luxé,Luxé,2026-02-19T15:00,45.895327734130326,0.12497129935328355,0.0,0.1,32.0,79.3,250.0,165.4,8.5,0.2,0.1,ELEVE,open_meteo_reference,open_meteo_grid_lgv_seed,meteofrance_seamless,2026-02-19 15:00:00+00:00
openmeteo_ref_16210,16210,Marsac,Marsac,2026-02-19T15:00,45.74317064795293,0.07568662792072596,0.0,0.1,20.0,71.4,260.1,172.9,9.0,1.0,0.1,ELEVE,open_meteo_reference,open_meteo_grid_lgv_seed,meteofrance_seamless,2026-02-19 15:00:00+00:00
openmeteo_ref_16229,16229,Montjean,Montjean,2026-02-19T15:00,46.079595655175666,0.11019953316752153,0.0,0.0,32.4,89.3,264.4,190.9,13.5,0.0,0.0,ELEVE,open_meteo_reference,open_meteo_grid_lgv_seed,meteofrance_seamless,2026-02-19 15:00:00+00:00
openmeteo_ref_16244,16244,Nersac,Nersac,2026-02-19T15:00,45.62549593507474,0.06218886818780791,0.0,0.0,24.4,66.5,249.6,168.8,14.1,0.1,0.0,ELEVE,open_meteo_reference,open_meteo_grid_lgv_seed,meteofrance_seamless,2026-02-19 15:00:00+00:00
openmeteo_ref_16246,16246,Nonac,Nonac,2026-02-19T15:00,45.421613258583356,0.05524232185222986,0.0,1.4,20.8,74.1,281.2,191.4,9.9,2.5,1.4,ELEVE,open_meteo_reference,open_meteo_grid_lgv_seed,meteofrance_seamless,2026-02-19 15:00:00+00:00
openmeteo_ref_16256,16256,Passirac,Passirac,2026-02-19T15:00,45.34749411425803,-0.062460618501679645,0.0,1.9,18.6,56.6,282.4,183.4,6.7,0.5,1.9,ELEVE,open_meteo_reference,open_meteo_grid_lgv_seed,meteofrance_seamless,2026-02-19 15:00:00+00:00
openmeteo_ref_16258,16258,Pérignac,Pérignac,2026-02-19T15:00,45.46691601614099,0.08196302043592239,0.0,1.6,18.5,76.5,273.8,189.3,8.8,1.2,1.6,ELEVE,open_meteo_reference,open_meteo_grid_lgv_seed,meteofrance_seamless,2026-02-19 15:00:00+00:00
openmeteo_ref_16263,16263,Plassac-Rouffiac,Plassac-Rouffiac,2026-02-19T15:00,45.52472414472333,0.07692533773533058,0.0,0.0,21.5,75.6,270.8,195.4,11.7,1.7,0.0,ELEVE,open_meteo_reference,open_meteo_grid_lgv_seed,meteofrance_seamless,2026-02-19 15:00:00+00:00
openmeteo_ref_16267,16267,Poullignac,Poullignac,2026-02-19T15:00,45.39693113114353,-0.011318781402378757,0.0,1.5,20.7,62.1,279.0,180.9,8.0,0.5,1.5,ELEVE,open_meteo_reference,open_meteo_grid_lgv_seed,meteofrance_seamless,2026-02-19 15:00:00+00:00
openmeteo_ref_16273,16273,Raix,Raix,2026-02-19T15:00,46.0042806942484,0.11630569006232908,0.0,0.4,29.2,78.0,249.6,176.3,13.9,0.8,0.4,ELEVE,open_meteo_reference,open_meteo_grid_lgv_seed,meteofrance_seamless,2026-02-19 15:00:00+00:00
openmeteo_ref_16287,16287,Roullet-Saint-Estèphe,Roullet-Saint-Estèphe,2026-02-19T15:00,45.58037200429605,0.03128323340789562,0.0,0.0,23.3,67.2,234.6,164.3,13.4,0.3,0.0,ELEVE,open_meteo_reference,open_meteo_grid_lgv_seed,meteofrance_seamless,2026-02-19 15:00:00+00:00
openmeteo_ref_16295,16295,Saint-Amant-de-Boixe,Saint-Amant-de-Boixe,2026-02-19T15:00,45.801697464782414,0.13992426804157002,0.0,0.6,24.4,71.5,256.3,176.5,8.9,0.3,0.6,ELEVE,open_meteo_reference,open_meteo_grid_lgv_seed,meteofrance_seamless,2026-02-19 15:00:00+00:00
openmeteo_ref_16320,16320,Saint-Genis-d'Hiersac,Saint-Genis-d'Hiersac,2026-02-19T15:00,45.75410511941588,0.03696623268892567,0.0,0.2,24.2,74.1,264.8,179.7,9.9,0.5,0.2,ELEVE,open_meteo_reference,open_meteo_grid_lgv_seed,meteofrance_seamless,2026-02-19 15:00:00+00:00
openmeteo_ref_16335,16335,Saint-Martin-du-Clocher,Saint-Martin-du-Clocher,2026-02-19T15:00,46.064999548557985,0.1502117521925307,0.0,0.0,29.6,81.7,259.3,187.6,12.4,0.0,0.0,ELEVE,open_meteo_reference,open_meteo_grid_lgv_seed,meteofrance_seamless,2026-02-19 15:00:00+00:00
openmeteo_ref_16348,16348,Saint-Saturnin,Saint-Saturnin,2026-02-19T15:00,45.66773535230214,0.0404375893016735,0.0,0.0,25.3,74.0,259.6,176.0,12.1,0.4,0.0,ELEVE,open_meteo_reference,open_meteo_grid_lgv_seed,meteofrance_seamless,2026-02-19 15:00:00+00:00
openmeteo_ref_16354,16354,Sainte-Souline,Sainte-Souline,2026-02-19T15:00,45.3777656163731,-0.02124428343752912,0.0,1.5,20.7,62.1,279.0,180.9,8.0,0.5,1.5,ELEVE,open_meteo_reference,open_meteo_grid_lgv_seed,meteofrance_seamless,2026-02-19 15:00:00+00:00
openmeteo_ref_16357,16357,Saint-Vallier,Saint-Vallier,2026-02-19T15:00,45.28782473872256,-0.08537096118881124,0.0,1.0,18.4,58.0,275.3,178.0,7.7,0.5,1.0,ELEVE,open_meteo_reference,open_meteo_grid_lgv_seed,meteofrance_seamless,2026-02-19 15:00:00+00:00
openmeteo_ref_16388,16388,Trois-Palis,Trois-Palis,2026-02-19T15:00,45.639974050739966,0.046751265663329794,0.0,0.0,24.4,66.5,249.6,168.8,14.1,0.1,0.0,ELEVE,open_meteo_reference,open_meteo_grid_lgv_seed,meteofrance_seamless,2026-02-19 15:00:00+00:00
openmeteo_ref_16393,16393,La Boixe,La Boixe,2026-02-19T15:00,45.76210953997385,0.1285459258387846,0.0,0.3,24.3,74.3,261.7,178.5,9.5,0.3,0.3,ELEVE,open_meteo_reference,open_meteo_grid_lgv_seed,meteofrance_seamless,2026-02-19 15:00:00+00:00
openmeteo_ref_16409,16409,Villefagnan,Villefagnan,2026-02-19T15:00,46.0119567426025,0.08823693336155827,0.0,0.3,29.7,79.1,255.1,183.1,14.4,0.7,0.3,ELEVE,open_meteo_reference,open_meteo_grid_lgv_seed,meteofrance_seamless,2026-02-19 15:00:00+00:00
openmeteo_ref_16413,16413,Villiers-le-Roux,Villiers-le-Roux,2026-02-19T15:00,46.0511851655351,0.11002172583885236,0.0,0.0,29.6,81.7,259.3,187.6,12.4,0.0,0.0,ELEVE,open_meteo_reference,open_meteo_grid_lgv_seed,meteofrance_seamless,2026-02-19 15:00:00+00:00
openmeteo_ref_16414,16414,Villognon,Villognon,2026-02-19T15:00,45.86072346334892,0.1089763970046353,0.0,0.0,30.7,76.3,247.4,167.4,8.1,0.2,0.0,ELEVE,open_meteo_reference,open_meteo_grid_lgv_seed,meteofrance_seamless,2026-02-19 15:00:00+00:00
openmeteo_ref_16419,16419,Vouharte,Vouharte,2026-02-19T15:00,45.807125456960215,0.07948205072125608,0.0,0.6,24.4,71.5,256.3,176.5,8.9,0.3,0.6,ELEVE,open_meteo_reference,open_meteo_grid_lgv_seed,meteofrance_seamless,2026-02-19 15:00:00+00:00
openmeteo_ref_16423,16423,Xambes,Xambes,2026-02-19T15:00,45.82383647916963,0.10662738506831672,0.0,0.2,22.8,67.3,245.0,167.3,6.7,0.2,0.2,ELEVE,open_meteo_reference,open_meteo_grid_lgv_seed,meteofrance_seamless,2026-02-19 15:00:00+00:00
openmeteo_ref_17038,17038,Bedenac,Bedenac,2026-02-19T15:00,45.185561302077225,-0.31266412002528265,0.0,0.3,25.8,70.0,296.0,181.2,16.5,0.9,0.3,ELEVE,open_meteo_reference,open_meteo_grid_lgv_seed,meteofrance_seamless,2026-02-19 15:00:00+00:00
openmeteo_ref_17054,17054,Boresse-et-Martron,Boresse-et-Martron,2026-02-19T15:00,45.27357354444533,-0.12791663963359026,0.0,1.3,23.0,60.8,282.5,180.8,11.3,1.2,1.3,ELEVE,open_meteo_reference,open_meteo_grid_lgv_seed,meteofrance_seamless,2026-02-19 15:00:00+00:00
openmeteo_ref_17110,17110,Clérac,Clérac,2026-02-19T15:00,45.17092730037779,-0.2340540106664361,0.0,0.3,30.5,75.0,298.0,188.2,21.0,1.3,0.3,ELEVE,open_meteo_reference,open_meteo_grid_lgv_seed,meteofrance_seamless,2026-02-19 15:00:00+00:00
openmeteo_ref_17241,17241,Montguyon,Montguyon,2026-02-19T15:00,45.210245691561155,-0.17018302702144095,0.0,0.6,31.3,71.3,289.5,188.5,20.3,3.4,0.6,ELEVE,open_meteo_reference,open_meteo_grid_lgv_seed,meteofrance_seamless,2026-02-19 15:00:00+00:00
openmeteo_ref_17260,17260,Neuvicq,Neuvicq,2026-02-19T15:00,45.25468173420105,-0.16661678961654716,0.0,1.6,28.9,66.3,277.9,175.1,16.7,2.8,1.6,ELEVE,open_meteo_reference,open_meteo_grid_lgv_seed,meteofrance_seamless,2026-02-19 15:00:00+00:00
openmeteo_ref_17365,17365,Saint-Martin-d'Ary,Saint-Martin-d'Ary,2026-02-19T15:00,45.21862588122372,-0.2009984574285024,0.0,0.6,31.3,71.3,289.5,188.5,20.3,3.4,0.6,ELEVE,open_meteo_reference,open_meteo_grid_lgv_seed,meteofrance_seamless,2026-02-19 15:00:00+00:00
openmeteo_ref_33003,33003,Ambarès-et-Lagrave,Ambarès-et-Lagrave,2026-02-19T15:00,44.94431725935294,-0.5008337368703162,0.0,0.3,15.5,52.3,220.2,129.2,8.3,0.6,0.3,ELEVE,open_meteo_reference,open_meteo_grid_lgv_seed,meteofrance_seamless,2026-02-19 15:00:00+00:00
openmeteo_ref_33018,33018,Val de Virvée,Val de Virvée,2026-02-19T15:00,45.020495285970405,-0.3852086399394167,0.0,0.4,20.0,62.7,253.3,150.7,12.6,1.9,0.4,ELEVE,open_meteo_reference,open_meteo_grid_lgv_seed,meteofrance_seamless,2026-02-19 15:00:00+00:00
openmeteo_ref_33114,33114,Cavignac,Cavignac,2026-02-19T15:00,45.09676822815074,-0.38191656266395374,0.0,0.8,17.5,63.0,260.9,155.3,10.0,1.4,0.8,ELEVE,open_meteo_reference,open_meteo_grid_lgv_seed,meteofrance_seamless,2026-02-19 15:00:00+00:00
openmeteo_ref_33123,33123,Cézac,Cézac,2026-02-19T15:00,45.0854381950508,-0.43048173645862375,0.0,1.3,21.6,69.2,265.7,159.8,14.0,0.8,1.3,ELEVE,open_meteo_reference,open_meteo_grid_lgv_seed,meteofrance_seamless,2026-02-19 15:00:00+00:00
openmeteo_ref_33142,33142,Cubnezais,Cubnezais,2026-02-19T15:00,45.0730413285635,-0.418963506719714,0.0,1.3,21.6,69.2,265.7,159.8,14.0,0.8,1.3,ELEVE,open_meteo_reference,open_meteo_grid_lgv_seed,meteofrance_seamless,2026-02-19 15:00:00+00:00
openmeteo_ref_33143,33143,Cubzac-les-Ponts,Cubzac-les-Ponts,2026-02-19T15:00,44.969559175885166,-0.4455393847044674,0.0,0.6,16.9,54.4,228.0,130.3,10.1,0.6,0.6,ELEVE,open_meteo_reference,open_meteo_grid_lgv_seed,meteofrance_seamless,2026-02-19 15:00:00+00:00
openmeteo_ref_33183,33183,Gauriaguet,Gauriaguet,2026-02-19T15:00,45.04538529544222,-0.39582183049251735,0.0,0.7,20.8,66.5,259.9,155.1,13.5,1.4,0.7,ELEVE,open_meteo_reference,open_meteo_grid_lgv_seed,meteofrance_seamless,2026-02-19 15:00:00+00:00
openmeteo_ref_33230,33230,Lapouyade,Lapouyade,2026-02-19T15:00,45.111168872675044,-0.28632475801342394,0.0,0.3,16.3,58.9,281.9,162.5,7.8,0.9,0.3,ELEVE,open_meteo_reference,open_meteo_grid_lgv_seed,meteofrance_seamless,2026-02-19 15:00:00+00:00
openmeteo_ref_33233,33233,Laruscade,Laruscade,2026-02-19T15:00,45.12407413452118,-0.3441864347654973,0.0,0.3,16.7,60.2,282.7,163.6,8.5,1.4,0.3,ELEVE,open_meteo_reference,open_meteo_grid_lgv_seed,meteofrance_seamless,2026-02-19 15:00:00+00:00
openmeteo_ref_33272,33272,Marsas,Marsas,2026-02-19T15:00,45.06247641062155,-0.37588488664852304,0.0,1.3,21.6,69.2,265.7,159.8,14.0,0.8,1.3,ELEVE,open_meteo_reference,open_meteo_grid_lgv_seed,meteofrance_seamless,2026-02-19 15:00:00+00:00
openmeteo_ref_33321,33321,Peujard,Peujard,2026-02-19T15:00,45.048659301348025,-0.4314486014300348,0.0,0.4,20.0,62.7,253.3,150.7,12.6,1.9,0.4,ELEVE,open_meteo_reference,open_meteo_grid_lgv_seed,meteofrance_seamless,2026-02-19 15:00:00+00:00
openmeteo_ref_33366,33366,Saint-André-de-Cubzac,Saint-André-de-Cubzac,2026-02-19T15:00,44.9954191533138,-0.4355665567577043,0.0,0.4,17.8,55.5,229.1,133.6,10.7,1.0,0.4,ELEVE,open_meteo_reference,open_meteo_grid_lgv_seed,meteofrance_seamless,2026-02-19 15:00:00+00:00
openmeteo_ref_33433,33433,Saint-Loubès,Saint-Loubès,2026-02-19T15:00,44.9221978269914,-0.43071340730348173,0.0,0.3,15.5,52.3,220.2,129.2,8.3,0.6,0.3,ELEVE,open_meteo_reference,open_meteo_grid_lgv_seed,meteofrance_seamless,2026-02-19 15:00:00+00:00
openmeteo_ref_33470,33470,Saint-Romain-la-Virvée,Saint-Romain-la-Virvée,2026-02-19T15:00,44.95969829975906,-0.40811606183791455,0.0,0.6,16.9,54.4,228.0,130.3,10.1,0.6,0.6,ELEVE,open_meteo_reference,open_meteo_grid_lgv_seed,meteofrance_seamless,2026-02-19 15:00:00+00:00
openmeteo_ref_33487,33487,Saint-Vincent-de-Paul,Saint-Vincent-de-Paul,2026-02-19T15:00,44.97392253099174,-0.4818566450252033,0.0,0.6,16.9,54.4,228.0,130.3,10.1,0.6,0.6,ELEVE,open_meteo_reference,open_meteo_grid_lgv_seed,meteofrance_seamless,2026-02-19 15:00:00+00:00
openmeteo_ref_37005,37005,Antogny-le-Tillac,Antogny-le-Tillac,2026-02-19T15:00,46.96823505040255,0.5550410353021602,0.0,0.0,13.5,57.9,163.2,127.6,3.9,0.2,0.0,MODERE,open_meteo_reference,open_meteo_grid_lgv_seed,meteofrance_seamless,2026-02-19 15:00:00+00:00
openmeteo_ref_37045,37045,La Celle-Saint-Avant,La Celle-Saint-Avant,2026-02-19T15:00,47.020548159443,0.6152671381696166,0.0,0.0,13.1,53.6,158.4,125.3,4.5,0.1,0.0,MODERE,open_meteo_reference,open_meteo_grid_lgv_seed,meteofrance_seamless,2026-02-19 15:00:00+00:00
openmeteo_ref_37050,37050,Chambray-lès-Tours,Chambray-lès-Tours,2026-02-19T15:00,47.331381708560144,0.7160396828528864,0.0,0.0,10.4,52.3,148.7,115.4,4.6,0.0,0.0,VIGILANCE,open_meteo_reference,open_meteo_grid_lgv_seed,meteofrance_seamless,2026-02-19 15:00:00+00:00
openmeteo_ref_37098,37098,Draché,Draché,2026-02-19T15:00,47.06687562082663,0.634218293237377,0.0,0.0,12.0,56.8,156.2,122.3,4.7,0.1,0.0,MODERE,open_meteo_reference,open_meteo_grid_lgv_seed,meteofrance_seamless,2026-02-19 15:00:00+00:00
openmeteo_ref_37142,37142,Maillé,Maillé,2026-02-19T15:00,47.05151675641277,0.5872636669531935,0.0,0.0,13.1,53.6,158.4,125.3,4.5,0.1,0.0,MODERE,open_meteo_reference,open_meteo_grid_lgv_seed,meteofrance_seamless,2026-02-19 15:00:00+00:00
openmeteo_ref_37148,37148,Marigny-Marmande,Marigny-Marmande,2026-02-19T15:00,46.97669440355366,0.4818324897110721,0.0,0.0,12.8,52.6,154.3,120.5,2.9,0.3,0.0,MODERE,open_meteo_reference,open_meteo_grid_lgv_seed,meteofrance_seamless,2026-02-19 15:00:00+00:00
openmeteo_ref_37154,37154,Montbazon,Montbazon,2026-02-19T15:00,47.28472879101827,0.7061860966500161,0.0,0.1,9.9,50.3,151.5,116.0,3.6,0.0,0.1,MODERE,open_meteo_reference,open_meteo_grid_lgv_seed,meteofrance_seamless,2026-02-19 15:00:00+00:00
openmeteo_ref_37159,37159,Monts,Monts,2026-02-19T15:00,47.27779850252919,0.645177072454103,0.0,0.1,9.9,50.3,151.5,116.0,3.6,0.0,0.1,MODERE,open_meteo_reference,open_meteo_grid_lgv_seed,meteofrance_seamless,2026-02-19 15:00:00+00:00
openmeteo_ref_37174,37174,Nouâtre,Nouâtre,2026-02-19T15:00,47.03410930610324,0.5600498051763223,0.0,0.0,14.2,56.1,163.1,128.6,4.7,0.1,0.0,MODERE,open_meteo_reference,open_meteo_grid_lgv_seed,meteofrance_seamless,2026-02-19 15:00:00+00:00
openmeteo_ref_37187,37187,Ports-sur-Vienne,Ports-sur-Vienne,2026-02-19T15:00,47.014318754051295,0.5381749269352067,0.0,0.0,13.5,57.9,163.2,127.6,3.9,0.2,0.0,MODERE,open_meteo_reference,open_meteo_grid_lgv_seed,meteofrance_seamless,2026-02-19 15:00:00+00:00
openmeteo_ref_37190,37190,Pussigny,Pussigny,2026-02-19T15:00,46.98935773573601,0.548153457549641,0.0,0.0,13.5,57.9,163.2,127.6,3.9,0.2,0.0,MODERE,open_meteo_reference,open_meteo_grid_lgv_seed,meteofrance_seamless,2026-02-19 15:00:00+00:00
openmeteo_ref_37208,37208,Saint-Avertin,Saint-Avertin,2026-02-19T15:00,47.35671931176646,0.7379026997365262,0.0,0.0,10.8,53.7,152.7,118.1,4.9,0.0,0.0,MODERE,open_meteo_reference,open_meteo_grid_lgv_seed,meteofrance_seamless,2026-02-19 15:00:00+00:00
openmeteo_ref_37212,37212,Sainte-Catherine-de-Fierbois,Sainte-Catherine-de-Fierbois,2026-02-19T15:00,47.156758788905805,0.6763208584117024,0.0,0.1,13.8,57.2,178.3,139.3,5.5,0.1,0.1,MODERE,open_meteo_reference,open_meteo_grid_lgv_seed,meteofrance_seamless,2026-02-19 15:00:00+00:00
openmeteo_ref_37216,37216,Saint-Épain,Saint-Épain,2026-02-19T15:00,47.153301839803646,0.5784071373519742,0.0,0.1,14.1,57.8,177.9,138.5,5.1,0.1,0.1,MODERE,open_meteo_reference,open_meteo_grid_lgv_seed,meteofrance_seamless,2026-02-19 15:00:00+00:00
openmeteo_ref_37226,37226,Sainte-Maure-de-Touraine,Sainte-Maure-de-Touraine,2026-02-19T15:00,47.1151084401099,0.6378283721597839,0.0,0.0,12.0,55.7,162.3,126.6,5.0,0.2,0.0,MODERE,open_meteo_reference,open_meteo_grid_lgv_seed,meteofrance_seamless,2026-02-19 15:00:00+00:00
openmeteo_ref_37247,37247,Sepmes,Sepmes,2026-02-19T15:00,47.08105419185873,0.6840794443630814,0.0,0.0,11.9,56.8,157.0,122.9,5.0,0.0,0.0,MODERE,open_meteo_reference,open_meteo_grid_lgv_seed,meteofrance_seamless,2026-02-19 15:00:00+00:00
openmeteo_ref_37250,37250,Sorigny,Sorigny,2026-02-19T15:00,47.23136630284663,0.6868290372881066,0.0,0.2,12.7,52.5,162.4,124.0,5.0,0.0,0.2,MODERE,open_meteo_reference,open_meteo_grid_lgv_seed,meteofrance_seamless,2026-02-19 15:00:00+00:00
openmeteo_ref_37266,37266,Veigné,Veigné,2026-02-19T15:00,47.289059085721654,0.730813147329132,0.0,0.0,11.1,52.8,151.1,116.6,5.1,0.0,0.0,MODERE,open_meteo_reference,open_meteo_grid_lgv_seed,meteofrance_seamless,2026-02-19 15:00:00+00:00
openmeteo_ref_37278,37278,Villeperdue,Villeperdue,2026-02-19T15:00,47.1979679642626,0.6382532733521692,0.0,0.1,14.1,57.8,177.9,138.5,5.1,0.1,0.1,MODERE,open_meteo_reference,open_meteo_grid_lgv_seed,meteofrance_seamless,2026-02-19 15:00:00+00:00
openmeteo_ref_79150,79150,Limalonges,Limalonges,2026-02-19T15:00,46.136846913193416,0.1737531476895741,0.0,0.0,26.8,82.5,247.0,178.9,8.6,0.1,0.0,ELEVE,open_meteo_reference,open_meteo_grid_lgv_seed,meteofrance_seamless,2026-02-19 15:00:00+00:00
openmeteo_ref_79230,79230,Rom,Rom,2026-02-19T15:00,46.30381413062102,0.1245675924157162,0.0,1.1,22.2,65.0,211.7,157.5,9.3,0.3,1.1,MODERE,open_meteo_reference,open_meteo_grid_lgv_seed,meteofrance_seamless,2026-02-19 15:00:00+00:00
openmeteo_ref_79307,79307,Sauzé-entre-Bois,Sauzé-entre-Bois,2026-02-19T15:00,46.153941893654654,0.11640058956274697,0.0,0.0,26.8,82.5,247.0,178.9,8.6,0.1,0.0,ELEVE,open_meteo_reference,open_meteo_grid_lgv_seed,meteofrance_seamless,2026-02-19 15:00:00+00:00
openmeteo_ref_79338,79338,Vanzay,Vanzay,2026-02-19T15:00,46.23163380074619,0.11074516782176401,0.0,0.1,22.2,70.1,227.0,164.7,4.7,0.6,0.1,ELEVE,open_meteo_reference,open_meteo_grid_lgv_seed,meteofrance_seamless,2026-02-19 15:00:00+00:00
openmeteo_ref_86027,86027,Biard,Biard,2026-02-19T15:00,46.58590552097538,0.297310581932141,0.0,0.2,19.9,53.4,178.8,130.9,4.5,0.0,0.2,MODERE,open_meteo_reference,open_meteo_grid_lgv_seed,meteofrance_seamless,2026-02-19 15:00:00+00:00
openmeteo_ref_86039,86039,Brux,Brux,2026-02-19T15:00,46.2503216362435,0.1923884068814487,0.0,0.3,22.5,71.0,230.0,168.5,6.0,1.4,0.3,ELEVE,open_meteo_reference,open_meteo_grid_lgv_seed,meteofrance_seamless,2026-02-19 15:00:00+00:00
openmeteo_ref_86045,86045,Celle-Lévescault,Celle-Lévescault,2026-02-19T15:00,46.39901781127812,0.1700609454759418,0.0,0.5,26.0,69.4,215.0,162.7,10.9,0.2,0.5,MODERE,open_meteo_reference,open_meteo_grid_lgv_seed,meteofrance_seamless,2026-02-19 15:00:00+00:00
openmeteo_ref_86062,86062,Chasseneuil-du-Poitou,Chasseneuil-du-Poitou,2026-02-19T15:00,46.651848887857795,0.36199650999749206,0.0,0.0,20.2,54.0,183.6,139.6,4.6,0.2,0.0,MODERE,open_meteo_reference,open_meteo_grid_lgv_seed,meteofrance_seamless,2026-02-19 15:00:00+00:00
openmeteo_ref_86068,86068,Chaunay,Chaunay,2026-02-19T15:00,46.20535117975011,0.15814459308673137,0.0,0.1,22.2,70.1,227.0,164.7,4.7,0.6,0.1,ELEVE,open_meteo_reference,open_meteo_grid_lgv_seed,meteofrance_seamless,2026-02-19 15:00:00+00:00
openmeteo_ref_86081,86081,Colombiers,Colombiers,2026-02-19T15:00,46.779978448704426,0.4385591702591365,0.0,0.0,12.7,46.0,151.0,114.1,4.6,0.0,0.0,MODERE,open_meteo_reference,open_meteo_grid_lgv_seed,meteofrance_seamless,2026-02-19 15:00:00+00:00
openmeteo_ref_86082,86082,Valence-en-Poitou,Valence-en-Poitou,2026-02-19T15:00,46.314760824159265,0.21275730633176024,0.0,1.5,25.4,65.8,209.8,156.6,13.6,0.3,1.5,MODERE,open_meteo_reference,open_meteo_grid_lgv_seed,meteofrance_seamless,2026-02-19 15:00:00+00:00
openmeteo_ref_86083,86083,Coulombiers,Coulombiers,2026-02-19T15:00,46.49380865555357,0.17335858837267193,0.0,0.1,24.7,58.3,192.7,137.2,10.7,2.6,0.1,MODERE,open_meteo_reference,open_meteo_grid_lgv_seed,meteofrance_seamless,2026-02-19 15:00:00+00:00
openmeteo_ref_86100,86100,Fontaine-le-Comte,Fontaine-le-Comte,2026-02-19T15:00,46.5318347521301,0.2458889190401351,0.0,0.0,19.4,52.8,182.9,127.9,5.5,0.5,0.0,MODERE,open_meteo_reference,open_meteo_grid_lgv_seed,meteofrance_seamless,2026-02-19 15:00:00+00:00
openmeteo_ref_86115,86115,Jaunay-Marigny,Jaunay-Marigny,2026-02-19T15:00,46.71578122516043,0.3657892766259944,0.0,0.0,14.4,45.1,156.2,118.4,5.1,0.0,0.0,MODERE,open_meteo_reference,open_meteo_grid_lgv_seed,meteofrance_seamless,2026-02-19 15:00:00+00:00
openmeteo_ref_86127,86127,Leigné-sur-Usseau,Leigné-sur-Usseau,2026-02-19T15:00,46.91631119034962,0.4757260365185632,0.0,0.0,14.6,52.2,171.7,134.1,5.4,0.3,0.0,MODERE,open_meteo_reference,open_meteo_grid_lgv_seed,meteofrance_seamless,2026-02-19 15:00:00+00:00
openmeteo_ref_86145,86145,Marçay,Marçay,2026-02-19T15:00,46.4709339116729,0.2261607786921453,0.0,0.1,24.7,58.3,192.7,137.2,10.7,2.6,0.1,MODERE,open_meteo_reference,open_meteo_grid_lgv_seed,meteofrance_seamless,2026-02-19 15:00:00+00:00
openmeteo_ref_86147,86147,Marigny-Chemereau,Marigny-Chemereau,2026-02-19T15:00,46.42577654138427,0.21641297087254818,0.0,0.6,24.2,61.5,197.5,148.6,8.6,1.0,0.6,MODERE,open_meteo_reference,open_meteo_grid_lgv_seed,meteofrance_seamless,2026-02-19 15:00:00+00:00
openmeteo_ref_86158,86158,Migné-Auxances,Migné-Auxances,2026-02-19T15:00,46.632055396397206,0.3050232540796092,0.0,0.1,23.4,56.6,178.1,132.5,6.6,0.2,0.1,MODERE,open_meteo_reference,open_meteo_grid_lgv_seed,meteofrance_seamless,2026-02-19 15:00:00+00:00
openmeteo_ref_86162,86162,Mondion,Mondion,2026-02-19T15:00,46.93820527389092,0.473155199877645,0.0,0.0,13.1,51.7,154.5,120.3,3.2,0.3,0.0,MODERE,open_meteo_reference,open_meteo_grid_lgv_seed,meteofrance_seamless,2026-02-19 15:00:00+00:00
openmeteo_ref_86194,86194,Poitiers,Poitiers,2026-02-19T15:00,46.583647556217876,0.35956808600933604,0.0,0.2,19.9,53.4,178.8,130.9,4.5,0.0,0.2,MODERE,open_meteo_reference,open_meteo_grid_lgv_seed,meteofrance_seamless,2026-02-19 15:00:00+00:00
openmeteo_ref_86221,86221,Saint-Genest-d'Ambière,Saint-Genest-d'Ambière,2026-02-19T15:00,46.82739171439668,0.3606379407209989,0.0,0.0,12.1,49.8,156.2,118.5,5.0,0.0,0.0,MODERE,open_meteo_reference,open_meteo_grid_lgv_seed,meteofrance_seamless,2026-02-19 15:00:00+00:00
openmeteo_ref_86224,86224,Saint-Gervais-les-Trois-Clochers,Saint-Gervais-les-Trois-Clochers,2026-02-19T15:00,46.897679386955886,0.4190679423280056,0.0,0.0,14.6,51.5,184.4,144.7,6.8,0.3,0.0,MODERE,open_meteo_reference,open_meteo_grid_lgv_seed,meteofrance_seamless,2026-02-19 15:00:00+00:00
openmeteo_ref_86258,86258,Scorbé-Clairvaux,Scorbé-Clairvaux,2026-02-19T15:00,46.80712783222711,0.41106707422421057,0.0,0.0,12.1,49.8,156.2,118.5,5.0,0.0,0.0,MODERE,open_meteo_reference,open_meteo_grid_lgv_seed,meteofrance_seamless,2026-02-19 15:00:00+00:00
openmeteo_ref_86265,86265,Sossais,Sossais,2026-02-19T15:00,46.86795423902986,0.3762071055471774,0.0,0.0,13.4,48.9,169.6,129.9,6.5,0.3,0.0,MODERE,open_meteo_reference,open_meteo_grid_lgv_seed,meteofrance_seamless,2026-02-19 15:00:00+00:00
openmeteo_ref_86272,86272,Thuré,Thuré,2026-02-19T15:00,46.841383452261496,0.45549889661948917,0.0,0.0,13.0,49.6,165.7,126.0,6.1,0.2,0.0,MODERE,open_meteo_reference,open_meteo_grid_lgv_seed,meteofrance_seamless,2026-02-19 15:00:00+00:00
openmeteo_ref_86297,86297,Vouneuil-sous-Biard,Vouneuil-sous-Biard,2026-02-19T15:00,46.5788747579065,0.27014692998929557,0.0,0.1,20.2,54.4,180.6,132.6,5.0,0.0,0.1,MODERE,open_meteo_reference,open_meteo_grid_lgv_seed,meteofrance_seamless,2026-02-19 15:00:00+00:00
